{
  "version": 2,
  "functions": {
    "app/api/**/*": {
      "memory": 1024,
      "maxDuration": 10
    }
  },
  "framework": "nextjs",
  "regions": ["iad1", "sfo1", "hnd1"],
  "env": {
    "NODE_ENV": "production",
    "NEXT_PUBLIC_API_URL": "@api_url",
    "NEXT_PUBLIC_SITE_URL": "@site_url",
    "CONTENT_DIRECTORY": "./content",
    "ENABLE_API_CACHE": "true",
    "API_CACHE_TTL": "3600",
    "CACHE_LEVELS": "memory,file",
    "CACHE_MAX_MEMORY_SIZE": "100",
    "CACHE_MAX_FILE_SIZE": "500",
    "CACHE_PATH": ".cache",
    "CACHE_LOG_STATS": "false",
    "DEBUG": "false"
  },
  "headers": [
    {
      "source": "/(.*)",
      "headers": [
        {
          "key": "X-Content-Type-Options",
          "value": "nosniff"
        },
        {
          "key": "X-Frame-Options",
          "value": "DENY"
        },
        {
          "key": "X-XSS-Protection",
          "value": "1; mode=block"
        },
        {
          "key": "Referrer-Policy",
          "value": "strict-origin-when-cross-origin"
        },
        {
          "key": "Permissions-Policy",
          "value": "camera=(), microphone=(), geolocation=(), interest-cohort=()"
        },
        {
          "key": "Strict-Transport-Security",
          "value": "max-age=63072000; includeSubDomains; preload"
        }
      ]
    },
    {
      "source": "/api/(.*)",
      "headers": [
        {
          "key": "Cache-Control",
          "value": "no-store, max-age=0"
        }
      ]
    },
    {
      "source": "/_next/static/(.*)",
      "headers": [
        {
          "key": "Cache-Control",
          "value": "public, max-age=31536000, immutable"
        }
      ]
    },
    {
      "source": "/static/(.*)",
      "headers": [
        {
          "key": "Cache-Control",
          "value": "public, max-age=31536000, immutable"
        }
      ]
    },
    {
      "source": "/images/(.*)",
      "headers": [
        {
          "key": "Cache-Control",
          "value": "public, max-age=86400"
        }
      ]
    }
  ],
  "redirects": [
    {
      "source": "/old-page",
      "destination": "/new-page",
      "permanent": true
    },
    {
      "source": "/blog/:year/:month/:day/:slug",
      "destination": "/articles/:slug",
      "permanent": true
    }
  ],
  "rewrites": [
    {
      "source": "/api/proxy/:path*",
      "destination": "https://api.external-service.com/:path*"
    },
    {
      "source": "/health",
      "destination": "/api/health-check"
    }
  ],
  "cleanUrls": true,
  "trailingSlash": false,
  "images": {
    "sizes": [640, 750, 828, 1080, 1200, 1920],
    "domains": ["images.example.com", "user-content.example.com"],
    "minimumCacheTTL": 60,
    "formats": ["image/webp", "image/avif"]
  },
  "crons": [
    {
      "path": "/api/scheduled/daily-cleanup",
      "schedule": "0 0 * * *"
    },
    {
      "path": "/api/scheduled/weekly-report",
      "schedule": "0 0 * * 0"
    }
  ],
  "github": {
    "enabled": true,
    "silent": false,
    "autoJobCancelation": true
  }
}
