{
  "label": "Homepage",
  "title": "Hello from Tina + Docusaurus!",
  "description": "Description will go into a meta tag in <head />",
  "blocks": [
    {
      "document": "docs/intro.mdx",
      "documentLabel": "Docusaurus Tutorial - 5min ⏱️",
      "_template": "hero"
    },
    {
      "items": [
        {
          "title": "Easy to Use",
          "description": "Docusaurus was designed from the ground up to be easily installed and         used to get your website up and running quickly.\n",
          "image": "/img/undraw_docusaurus_mountain.svg"
        },
        {
          "title": "Focus on What Matters",
          "description": "Docusaurus lets you focus on your docs, and we'll do the chores. Go ahead and move your docs into the docs directory.\n",
          "image": "/img/undraw_docusaurus_tree.svg"
        },
        {
          "title": "Powered by React",
          "description": "Extend or customize your website layout by reusing React. Docusaurus can         be extended while reusing the same header and footer.\n",
          "image": "/img/undraw_docusaurus_react.svg"
        }
      ],
      "_template": "features"
    },
    {
      "title": "Watch the demo",
      "url": "https://www.youtube.com/watch?v=2bHBwM54UB8",
      "_template": "youTubeEmbed"
    }
  ]
}