{
  "name": "Base Command",
  "component": false,
  "license_url": null,
  "about_url": "https://basecmd.com",
  "authors": "Justin Losh",
  "theme_version": "0.0.2-alpha",
  "minimum_discourse_version": "3.2.0,
  "maximum_discourse_version": null,
  "assets": {
    "basecmd-icon": "assets/basecmd-icon.png"
  },
  "color_schemes": {
    "Base Command": {
      "primary": "222222",
      "secondary": "ffffff",
      "tertiary": "0088cc",
      "quaternary": "e13F54",
      "header_background": "19151f",
      "header_primary": "fffffff",
      "highlight": "ffff4d",
      "selected": "d1f0ff",
      "hover": "f2f2f2",
      "danger": "c80001",
      "success": "009900",
      "love": "fa6c8d"
    }
  },
  "modifiers": {
  },
  "learn_more": "https://meta.discourse.org/t/beginners-guide-to-using-discourse-themes/91966"
}
