{
  "buildCommand": "npm run vercel-build",
  "ignoreCommand": "node scripts/ignore-build.js",
  "installCommand": "npm install",
  "outputDirectory": ".next",
  "framework": "nextjs",
  "headers": [
    {
      "source": "/(.*)",
      "headers": [
        {
          "key": "X-Content-Type-Options",
          "value": "nosniff"
        },
        {
          "key": "X-Frame-Options",
          "value": "DENY"
        },
        {
          "key": "X-XSS-Protection",
          "value": "1; mode=block"
        }
      ]
    }
  ]
}
